,log_bytes_up,log_bytes_down
mean,3.3502996618084153,3.800045706037558
var,0.4599686462996006,1.663895599366751
std,0.6782098836640473,1.2899207725154096
