,log_bytes_up,log_bytes_down
mean,2.1565902037563727,2.350172639895904
var,4.113082752316164,6.723920763635553
std,2.0280736555451244,2.5930524027939645
