,log_bytes_up,log_bytes_down
mean,3.3496717251158694,3.799335488086478
var,0.4616001689279038,1.665979814323226
std,0.679411634377793,1.2907284045542757
