,log_bytes_up,log_bytes_down
mean,2.158288206507635,2.351678620482737
var,4.110139344484462,6.721323897415345
std,2.027347859762715,2.592551619045481
